"pkg_name","title","description","version","published","reviewed","maintainer","maintainer_orcid","authors","license","date","keywords","spatial_coverage","temporal_coverage","doi","cff_version","url_github","url_docs","n_datasets","latest_release","default_branch","created_at","last_commit","topics","has_dictionary","has_extdata","washr_version","brand_ref","pkgreview_standard","has_r_cmd_check","has_pkgdown_workflow","has_jsonld"
"artesianwells","Artesian Well Site Assessment Data","A dataset capturing geospatial, structural, usage, and management characteristics of artesian well sites.","0.1.0",TRUE,,"Emmanuel Mhango","0000-0003-3197-6244","Emmanuel Mhango","CC BY 4.0",2025-06-02,,,,"10.5281/zenodo.15824828","0.1.0","https://github.com/openwashdata/artesianwells","https://openwashdata.github.io/artesianwells/",1,"v0.1.0","main",2025-06-02,2026-07-08,,TRUE,TRUE,,,,TRUE,FALSE,FALSE
"basisghana","Basic Sanitation Information System - BaSIS","This package compiles sanitation data from established Open Defecation Free (ODF) communities across different regions in Ghana.","0.0.0.9000",FALSE,,"Lars Schöbitz","0000-0003-2196-5015","Lars Schöbitz; Sophia Skorik","CC BY 4.0",2023-12-04,"defecation, ghana, open-data, openwashdata, r, sanitation, wash",,,,"0.0.0.9000","https://github.com/openwashdata/basisghana","https://openwashdata.github.io/basisghana/",2,"v0.0.1","main",2023-08-09,2026-09-18,"defecation, ghana, open-data, openwashdata, r, sanitation, wash",TRUE,TRUE,,,,TRUE,FALSE,FALSE
"biogasoutcomesmalawi","Data for 61 semi-structured interviews with biogas owners in Malawi","This dataset consists of 61 semi-structured interviews with biogas owners in the Southern Region of Malawi. Interviews were conducted over multiple visits to sites over the course of a two-year period between June 2021 and October 2022.","0.0.1",TRUE,,"Lars Schöbitz","0000-0003-2196-5015","Lars Schöbitz; Sebastian Camilo Loos; Marc Kalina; Jonathan Olal Ogwang; Jonathan Kwangulero; Elizabeth Tilley","CC BY 4.0",2023-08-28,"biogas, interview-data, malawi, opendata, openwashdata, r",,,"10.5281/zenodo.8289620","0.0.1","https://github.com/openwashdata/biogasoutcomesmalawi","https://openwashdata.github.io/biogasoutcomesmalawi/",1,"v0.0.1","main",2023-07-26,2026-09-17,"biogas, interview-data, malawi, opendata, openwashdata, r",TRUE,TRUE,,,,TRUE,TRUE,FALSE
"boreholeforensicspumpingtest","Borehole Forensics 4 - Pumping Test Data 2018-2024","This dataset contains borehole forensic pumping test data, capturing key parameters related to groundwater extraction, borehole performance, and water quality assessments. It includes information on the test conditions, water levels, pumping rates, flow measurement methods, and water quality indicators such as pH, turbidity, and electrical conductivity. The dataset also documents permissions granted for testing, equipment used, and observations on borehole performance.","0.1.0",TRUE,,"Emmanuel Mhango","0000-0003-3197-6244","Emmanuel Mhango; Finlay Paterson; Paul Kumpukwe","CC BY 4.0",2025-03-05,,,,"10.5281/zenodo.15800110","0.1.0","https://github.com/openwashdata/boreholeforensicspumpingtest","https://openwashdata.github.io/boreholeforensicspumpingtest/",1,"v0.1.0","main",2025-03-05,2025-07-03,,TRUE,TRUE,,,,FALSE,FALSE,FALSE
"boreholefuncmwi","Analysis of boreholes' functionality in Northern Malawi","The data is obtained from a survey conducted in Wasambo in Karonga district (Northen Malawi). This data is about boreholes and handpumps that people mostly rely on for drinking water, secondary to wells and rivers. The data were collected in June 2023.","0.0.1",TRUE,,"Mabvuto Yesaya","0000-0003-3234-9699","Mabvuto Yesaya; Juliette Preisig; Hastings Kayira; Mian Zhong","CC BY 4.0",2024-06-27,"borehole, malawi, opendata, openwashdata, r, survey-data",,,"10.5281/zenodo.12635354","0.0.1","https://github.com/openwashdata/boreholefuncmwi","https://openwashdata.github.io/boreholefuncmwi/",1,"v0.0.1","main",2024-06-21,2024-07-03,"borehole, malawi, opendata, openwashdata, r, survey-data",TRUE,TRUE,,,,TRUE,FALSE,FALSE
"boreholelabdata","Water Quality Laboratory Analysis and Reporting Dataset – Malawi (2017–2019)","This dataset contains comprehensive records of water quality test results collected from various water points across Malawi between 2017 and 2019","0.0.0.9000",FALSE,,"Emmanuel Mhango","0000-0003-3197-6244","Emmanuel Mhango; Finlay Paterson; Jamie Rattray","CC BY 4.0",2025-08-06,"boreholes, wash, water-quality",,,,,"https://github.com/openwashdata/boreholelabdata","https://openwashdata.github.io/boreholelabdata/",1,"v1.0.0","main",2025-08-06,2026-09-18,"boreholes, wash, water-quality",TRUE,TRUE,,,,FALSE,FALSE,FALSE
"breathablepitlat","Dataset about experiments of field application of breathable laminate-lined pit latrines","This dataset assists with a research study aims at capturing the pathogens and contaminants from pit latrines by lining them with a hydrophobic laminate. The data are collected to demonstrate the transport of contaminants from two pour flush, twin-pit latrines in which one pit is lined and one is unlined.","0.0.0.9000",TRUE,,"Mian Zhong","0009-0009-4546-7214","Mian Zhong; Shray Saxena","CC BY 4.0",2024-06-21,,,,"10.5281/zenodo.13960699","0.0.0.9000","https://github.com/openwashdata/breathablepitlat","https://openwashdata.github.io/breathablepitlat/",1,"v1.0","main",2024-06-21,2024-10-23,,TRUE,TRUE,,,,FALSE,FALSE,FALSE
"cbssuitabilityhaiti","Data for a sanitation zoning assessment done for Cap Haitien, Haiti","This package contains data for a sanitation zoning assessment done for the city of Cap Haitien, Haiti. It combines two datasets used for an analysis of the suitability of container-based sanitation (CBS).","0.0.1",TRUE,,"Sebastian Camilo Loos","0000-0003-2196-5015","Sebastian Camilo Loos; Sasha Kramer; Maya Lubeck-Schricker","CC BY 4.0",,"central-america, container-based-sanitation, haiti, open-data, open-datasets, r, sanitation, suitability-analysis, wash",,,"10.5281/zenodo.8361085","0.0.1","https://github.com/openwashdata/cbssuitabilityhaiti","https://openwashdata.github.io/cbssuitabilityhaiti/",2,"v0.0.1","main",2023-04-06,2023-10-03,"central-america, container-based-sanitation, haiti, open-data, open-datasets, r, sanitation, suitability-analysis, wash",TRUE,TRUE,,,,TRUE,FALSE,FALSE
"chckapmalawi","Knowledge, Attitudes and Practices (KAP) Survey about Community Health Centers (CHC) in Malawi","This dataset captures insights from a Knowledge, Attitudes, and Practices (KAP) Survey conducted by BASEflow for Waste Advisers in Malawi, focusing on Community Health Centers (CHCs). It covers diverse aspects including household demographics, CHC membership, water sources, sanitation, nutrition knowledge, hygiene practices, and environmental conditions.","0.0.0.9000",FALSE,,"Sophia Skorik","0009-0001-4755-1649","Sophia Skorik; Lars Schöbitz; Rhodrick Sagawa; Paul Kumpukwe; Veronica Chinangwa; Baleke Banda; Rodney Kananji; Feston Bwanyula; Gloria Maliana; Given Ngwira","CC BY 4.0",2023-10-25,,,,,"0.0.0.9000","https://github.com/openwashdata/chckapmalawi","https://openwashdata.github.io/chckapmalawi/",1,"v0.0.1","main",2023-10-25,2026-09-18,,TRUE,TRUE,,,,TRUE,FALSE,FALSE
"choleramalawi","Tracks the progress of Cholera epidemic in Malawi (2022-23)","A dataset that tracks the progress of the cholera epidemic in each district of Malawi in 2022-23.","0.1.0",TRUE,,"Yash Dubey",,"Yash Dubey","CC BY 4.0",,,,,"10.5281/zenodo.13920530","0.1.0","https://github.com/openwashdata/choleramalawi","https://openwashdata.github.io/choleramalawi/",1,"v1.0","main",2024-10-04,2024-10-16,,TRUE,TRUE,,,,FALSE,FALSE,FALSE
"cleanteamghana","Clean Team Ghana","This package compiles user experience data for the Clean Team Ghana container-based sanitation service in Kumasi, Ghana.","0.0.0.9000",FALSE,,"Sophia Skorik","0009-0001-4755-1649","Sophia Skorik; James Benjamin Tidwell; Kwabena Biritwum Nyarko; Ian Ross; Bismark Dwumfour-Asare; Scott Pippa","CC BY 4.0",2023-10-25,"container-based-sanitation, ghana, open-data, openwashdata, r, sanitation",,,,"0.0.0.9000","https://github.com/openwashdata/cleanteamghana","https://openwashdata.github.io/cleanteamghana/",1,"v0.0.1","main",2023-10-25,2026-09-18,"container-based-sanitation, ghana, open-data, openwashdata, r, sanitation",TRUE,TRUE,,,,TRUE,FALSE,FALSE
"climatevulnerabilitykhm","Climate Vulnerability Data in Rural Cambodia","Data on Effects of Climate Vulnerability on Sanitation Access, Sanitation Infrastructure Functionality and Households’ Fecal Sludge Management Practices in Rural Cambodia.","0.0.0.9000",FALSE,,"Mian Zhong","0009-0009-4546-7214","Mian Zhong; James Harper","CC BY 4.0",,"cambodia, climate-data, open-data, open-datasets, openwashdata, r, wash",,,,"0.0.0.9000","https://github.com/openwashdata/climatevulnerabilitykhm","https://openwashdata.github.io/climatevulnerabilitykhm/",1,,"main",2023-06-20,2023-07-05,"cambodia, climate-data, open-data, open-datasets, openwashdata, r, wash",TRUE,FALSE,,,,FALSE,FALSE,FALSE
"dowalatrinesurvey","Household Latrine Survey Data from Dowa and Thyolo, Malawi","Contains survey data collected in October 2020 from households in Dowa and Thyolo Districts, Malawi. The dataset includes detailed information on household sanitation practices, latrine infrastructure, usage patterns, maintenance behaviors, and user preferences across rural and peri-urban communities. Data was collected using the mWater survey platform by BASEflow Malawi enumerators.","0.0.0.9000",FALSE,,"Emmanuel Mhango","0000-0003-3197-6244","Emmanuel Mhango","CC BY 4.0",2025-07-16,"hygiene, latrines, sanitation, wash",,,,"0.0.0.9000","https://github.com/openwashdata/dowalatrinesurvey","https://openwashdata.github.io/dowalatrinesurvey/",1,"v1.0.0","main",2025-06-25,2026-09-18,"hygiene, latrines, sanitation, wash",TRUE,TRUE,,,,FALSE,FALSE,FALSE
"dowaodfsurvey","ODF Sanitation and Hygiene Household Survey – Ntchisi & Dowa District 2019","This dataset contains results from a household-level WASH (Water, Sanitation, and Hygiene) survey conducted on July 1st, 2019 in Mduku GVH, Dowa District, within the catchment area of Mbingwa Health Centre, Malawi. The purpose of the survey was to assess sanitation infrastructure, hygiene practices, and menstrual hygiene management (MHM) as part of an Open Defecation Free (ODF) verification exercise.","0.0.0.9000",FALSE,,"Emmanuel Mhango","0000-0003-3197-6244","Emmanuel Mhango","CC BY 4.0",2025-08-07,"open-defecation, sanitation, wash",,,,,"https://github.com/openwashdata/dowaodfsurvey","https://openwashdata.github.io/dowaodfsurvey/",1,"V1.0.0","main",2025-08-07,2026-09-18,"open-defecation, sanitation, wash",TRUE,TRUE,,,,FALSE,FALSE,FALSE
"drillingdata","Borehole Drilling and Construction Data – Malawi, 2018 - 2024","This dataset captures detailed information on borehole drilling and construction activities conducted across selected sites in Malawi in 2018. Data were collected using the mWater digital platform, documenting each stage of groundwater development, from site selection and hydrogeological studies to drilling operations, borehole design, and post-construction assessments.","0.0.0.9000",FALSE,,"Emmanuel Mhango","0000-0003-3197-6244","Emmanuel Mhango; Jamie Rattray; Shaun MacLeod; Feston Bwanyula","CC BY 4.0",2025-11-06,"borehole, sanitation, wash",,,,,"https://github.com/openwashdata/drillingdata","https://openwashdata.github.io/drillingdata/",1,"v1.0.0","main",2025-04-08,2026-09-18,"borehole, sanitation, wash",TRUE,TRUE,,,,FALSE,FALSE,FALSE
"dryingfaecal","What the Package Does (One Line, Title Case)","What the package does (one paragraph).","0.0.0.9000",FALSE,,"Mian Zhong","0009-0009-4546-7214","Mian Zhong","CC BY 4.0",,,,,,"0.0.0.9000","https://github.com/openwashdata/dryingfaecal","https://openwashdata.github.io/dryingfaecal/",2,,"main",2023-06-28,2026-09-18,,TRUE,FALSE,,,,FALSE,FALSE,FALSE
"ds4owdanalytics","DS4OWD Analytics","Data collected from the Data Science for Open WASH Data (DS4OWD) course and the associated website and data publishing endeavour.","0.1.0",TRUE,,"Yash Dubey","0009-0001-2849-970X","Yash Dubey","CC BY 4.0",2025-01-31,,,,"10.5281/zenodo.14778963","0.1.0","https://github.com/openwashdata/ds4owdanalytics","https://openwashdata.github.io/ds4owdanalytics/",9,"v1.0.0","main",2025-01-31,2025-01-31,,TRUE,TRUE,,,,TRUE,FALSE,FALSE
"faecalsludgekampala","What the Package Does (One Line, Title Case)","What the package does (one paragraph).","0.0.0.9000",FALSE,,"Lars Schöbitz",,"Lars Schöbitz; Matt Bannert","`use_mit_license()`, `use_gpl3_license()` or friends to pick a license",,,,,,"0.0.0.9000","https://github.com/openwashdata/faecalsludgekampala","https://openwashdata.github.io/faecalsludgekampala/",1,,"main",2023-11-30,2023-11-30,,FALSE,FALSE,,,,FALSE,FALSE,FALSE
"fecalcanuga","Demographic, Environmental, Technical and Physio-chemical Data on Non Sewered Sanitation Containments in Rural Canada and Urban Uganda","This data package contains data representing 5 months of field work from April - June 2023 (Canada) and January - February 2024 (Uganda) collecting household and commercial wastewater containment data and characterizing physical, chemical and greenhouse gas data for 22 non-sewered sanitation sites on southern Vancouver island and the southern gulf islands in British Columbia, Canada and 19 sites in Kampala, Uganda.","0.1.0",TRUE,,"Kelsey Shaw","0000-0001-7417-110X","Kelsey Shaw; Caetano Dorea; Linda Strande; Charles Niwagaba; Mian Zhong","CC BY 4.0",2026-06-22,,,,"10.5281/zenodo.20795917","0.1.0","https://github.com/openwashdata/fecalcanuga","https://openwashdata.github.io/fecalcanuga/",4,"v0.1.0","main",2026-06-18,2026-06-22,,TRUE,TRUE,,,,TRUE,FALSE,FALSE
"floodchlorinationsurvey","USAID Flood Response Rehabilitation and Chlorination Survey","This R package provides tools for analyzing and visualizing data from the USAID Flood Response Rehabilitation and Chlorination Survey conducted in Mulanje, Malawi (2019–2020). It includes functions to assess handpump component replacements, evaluate changes in functionality before and after rehabilitation, and identify common repair trends using mWater-collected data.","0.1.0",TRUE,,"Emmanuel Mhango","0000-0003-3197-6244","Emmanuel Mhango","CC BY 4.0",2025-07-01,,,,"10.5281/zenodo.15846578","0.1.0","https://github.com/openwashdata/floodchlorinationsurvey","https://openwashdata.github.io/floodchlorinationsurvey/",1,"v0.1.0","master",2025-06-30,2025-07-09,,TRUE,TRUE,,,,TRUE,FALSE,FALSE
"floodresponsemw","Water Point Assessments - USAID Flood Response Malawi 2019-2020","Field-level data on rural water point status and functionality across Malawi, collected during the USAID Flood Response initiative (2019-2020). Includes GPS locations, flood impact indicators, pump functionality, water quality measurements, and microbial contamination data from mWater mobile assessments.","0.0.0.9000",FALSE,,"Emmanuel Mhango","0000-0003-3197-6244","Emmanuel Mhango","CC BY 4.0",2025-07-16,"flood, floodresponse, waterpoints",,,,"0.0.0.9000","https://github.com/openwashdata/floodresponsemw","https://openwashdata.github.io/floodresponsemw/",1,"v0.0.1","master",2025-06-27,2025-12-15,"flood, floodresponse, waterpoints",TRUE,TRUE,,,,FALSE,FALSE,FALSE
"fslogisticskampala","Data on Faecal Sludge Transporting Logistics in Kampala, Uganda","Contains two data resources. `trips` contains the GPS locations of faecal sludge emptying trucks collecting sludge from pit latrines and septic tanks in Kampala, Uganda. Each trip is recorded with a unique identifier, the numberplate of the truck, the date and time of the record. Data was collected from 30th March 2015 until 25th June 2015. `trucks` has additional information on the volume of each truck.","1.0.0",TRUE,,"Lars Schöbitz","0000-0003-2196-5015","Lars Schöbitz","CC BY 4.0",2026-07-08,,,,"10.5281/zenodo.21260446","1.0.0","https://github.com/openwashdata/fslogisticskampala","https://openwashdata.github.io/fslogisticskampala/",2,"v1.0.0","main",2024-07-18,2026-09-04,,TRUE,TRUE,,"main","1.0.0-dev",TRUE,FALSE,FALSE
"fsmglobal","Global Faecal Sludge Emptying Services Demand","Global faecal sludge emptying demand data for 175 countries. Demand is quantified by population size receiving one of four emptying methods (mechanized, non-mechanized, unemptiable, no facility). The demand is disaggregated by rural and urban percentages of population.","0.0.1",TRUE,,"Lars Schöbitz","0000-0003-2196-5015","Nicola Greene; Sarah Hennessy; Tate W. Rogers; Jocelyn Tsai; Francis L. de los Reyes III; Lars Schöbitz","CC BY 4.0",2023-04-26,"faecal, faecal-sludge-emptying, open-data, open-datasets, open-research-data, population-data, r",,,"10.5281/zenodo.8208293","0.0.1","https://github.com/openwashdata/fsmglobal","https://openwashdata.github.io/fsmglobal/",1,"v0.0.1","main",2022-12-13,2023-08-08,"faecal, faecal-sludge-emptying, open-data, open-datasets, open-research-data, population-data, r",TRUE,TRUE,,,,TRUE,FALSE,FALSE
"gdho","Global Database of Humanitarian Organizations","A dataset of global humanitarian organizations collected by Humanitarian Outcomes.","0.0.1",TRUE,,"Mian Zhong","0009-0009-4546-7214","Mian Zhong; Abby Stoddard; Tichakunda Mangono","CC BY 4.0",2024-02-29,"humanitarian, humanitarian-aid, open-data, openwashdata, r",,,"10.5281/zenodo.10727977","0.0.1","https://github.com/openwashdata/gdho","https://openwashdata.github.io/gdho/",2,"v0.0.1","main",2023-09-21,2025-07-03,"humanitarian, humanitarian-aid, open-data, openwashdata, r",TRUE,TRUE,,,,TRUE,FALSE,FALSE
"glaas","Complete Data from the Global Analysis and Assessment of Sanitation and Drinking-Water (GLAAS)","An R data package providing comprehensive access to the UN-Water Global Analysis and Assessment of Sanitation and Drinking-water (GLAAS) dataset. The WHO GLAAS survey collects data on water, sanitation, and hygiene (WASH) systems, policies, and financing from countries worldwide.","0.2.0",FALSE,,"Adriana Clavijo Daza","0009-0002-0589-2274","Nicolò Massari; Colin Walder; Adriana Clavijo Daza","CC BY 4.0",2026-02-05,"glaas, r, rpackage, wash",,,,"0.2.0","https://github.com/openwashdata/glaas","https://openwashdata.github.io/glaas/",1,"v0.2.0","main",2025-04-28,2026-03-27,"glaas, r, rpackage, wash",FALSE,FALSE,,,,FALSE,FALSE,FALSE
"glossarywho","WHO Glossary","This package provides access to a tidy version of the WHO Glossary (https://www.who.int/publications/i/item/9789240105485) and thematic areas for each term.","0.1.0",TRUE,,"Yash Dubey","0009-0001-2849-970X","Yash Dubey","CC BY 4.0",2025-01-28,,,,"10.5281/zenodo.14754017","0.1.0","https://github.com/openwashdata/glossarywho","https://openwashdata.github.io/glossarywho/",2,"v1.0.1","main",2025-01-28,2026-09-16,,TRUE,TRUE,,,,TRUE,FALSE,FALSE
"grdwtrsmpkwale","Groundwater analysis from 2016 in Kwale, Kenya","""The goal of `grdwtrsmpkwale` is to provide datasets for research and planning of water and solid waste management in Kwale, Kenya. This package includes water anlaysis data collected in 2016 combined with the geospatial data from the collection points.""","0.0.1",FALSE,,"Sebastian Camilo Loos","0000-0002-8830-1734","Sebastian Camilo Loos; Mian Zhong; Rob Hope","CC BY 4.0",2023-10-16,"groundwater, groundwater-data, kenya, opendata, openwashdata, r",,,,"0.0.0.9000","https://github.com/openwashdata/grdwtrsmpkwale","https://openwashdata.github.io/grdwtrsmpkwale/",2,"v0.0.1","main",2023-08-17,2023-10-16,"groundwater, groundwater-data, kenya, opendata, openwashdata, r",TRUE,TRUE,,,,TRUE,FALSE,FALSE
"gwinfraassess","The Groundwater Monitoring Infrastructure Assessment Dataset, Nkhotakota - Malawi (2022)","The Groundwater Monitoring Infrastructure Assessment Dataset (2022) is an open dataset published by BASEflow Malawi. The dataset contains field observations collected during an assessment of groundwater monitoring infrastructure in Nkhotakota District, Malawi. It includes information on monitoring well characteristics, groundwater level measurements, monitoring equipment, site accessibility, infrastructure condition, community awareness, and recommended maintenance and rehabilitation actions.","0.0.0.9000",FALSE,,"Emmanuel Mhango","0000-0003-3197-6244","Emmanuel Mhango","CC BY 4.0",2026-08-07,,,,,,"https://github.com/openwashdata/gwinfraassess","https://openwashdata.github.io/gwinfraassess/",1,"v1.0.0","dev",2026-08-07,2026-08-07,,TRUE,TRUE,,,,FALSE,FALSE,FALSE
"handpumpstatusdata","Chiradzulu Handpump Functionality Verification Survey","This dataset contains detailed field survey records of borehole and handpump functionality verification exercises conducted in Chiradzulu District, Malawi in February 2020.","0.0.0.9000",FALSE,,"Emmanuel Mhango","0000-0003-3197-6244","Emmanuel Mhango","CC BY 4.0",2025-08-12,"handpump, wash, waterpoints",,,,,"https://github.com/openwashdata/handpumpstatusdata","https://openwashdata.github.io/handpumpstatusdata/",1,"v1.0.0","master",2025-08-12,2025-12-15,"handpump, wash, waterpoints",TRUE,TRUE,,,,FALSE,FALSE,FALSE
"hydrogeologicalghana","Hydrogeological Dynamics Data in Ghana","This package contains data on boreholes collected to study the hydrogeological dynamics in the greater Accra and Ashanti regions of Ghana.","0.0.1",TRUE,,"Adriana Clavijo Daza","0009-0002-0589-2274","Benedict Addae-Mensah; Elizabeth Tilley; Adriana Clavijo Daza","CC BY 4.0",2025-08-05,,,,"10.5281/zenodo.16743742","0.0.1","https://github.com/openwashdata/hydrogeologicalghana","https://openwashdata.github.io/hydrogeologicalghana/",1,"v0.0.1","main",2025-07-24,2025-08-05,,TRUE,TRUE,,,,FALSE,FALSE,FALSE
"jmpdata","Input Data and Indicator Estimates from the WHO/UNICEF Joint Monitoring Programme","Contains two data resources from the WHO/UNICEF Joint Monitoring Programme (JMP) for Water Supply, Sanitation and Hygiene. `jmpraw` holds the survey-level input data on sanitation that underlies the JMP estimates, collected from the country files published on <https://washdata.org>. `jmpindicators` holds the modelled JMP indicator estimates for water, sanitation and hygiene from the JMP world file. Both datasets are packaged from the JMP 2025 release.","0.1.0",FALSE,,"Lars Schöbitz","0000-0003-2196-5015","Lars Schöbitz","CC BY 4.0",2026-08-20,,,,,"0.1.0","https://github.com/openwashdata/jmpdata","https://openwashdata.github.io/jmpdata/",2,"v0.1.0","main",2022-04-26,2026-08-20,,TRUE,TRUE,,,,FALSE,FALSE,FALSE
"mwefloodresponse","Malawi Emergency Flood Response Water Point Survey (2019–2020)","This dataset contains water point assessment data collected during an emergency flood response in Malawi between 2019 and 2020. The survey was conducted under the BASEflow program to evaluate the status, functionality, and safety of water points affected by flooding events.","0.0.0.9000",FALSE,,"Emmanuel Mhango","0000-0003-3197-6244","Emmanuel Mhango","CC BY 4.0",2026-02-20,"sanitation, wash, water",,,,,"https://github.com/openwashdata/mwefloodresponse","https://openwashdata.github.io/mwefloodresponse/",1,"v.0.0.1","master",2026-02-20,2026-02-26,"sanitation, wash, water",TRUE,TRUE,,,,FALSE,FALSE,FALSE
"mwgroundwaterdata","Malawi Groundwater Monitoring Time-Series Dataset (2024–2025)","This dataset contains groundwater monitoring data collected from monitoring wells across 10 districts in Malawi between 2024 and 2025. The data were captured using automated data loggers installed in monitoring wells and were collected and managed by BASEflow. The dataset provides time-series measurements of key groundwater parameters, enabling detailed analysis of aquifer behavior across multiple geographic locations.","0.0.0.9000",FALSE,,"Emmanuel Mhango","0000-0003-3197-6244","Emmanuel Mhango","CC BY 4.0",2026-02-26,"groundwater, sanitation, wash, water, watermonitoring",,,,,"https://github.com/openwashdata/mwgroundwaterdata","https://openwashdata.github.io/mwgroundwaterdata/",1,"v.0.0.1","main",2026-02-26,2026-02-27,"groundwater, sanitation, wash, water, watermonitoring",TRUE,TRUE,,,,FALSE,FALSE,FALSE
"nchalohhwatersurvey","What the Package Does (One Line, Title Case)","What the package does (one paragraph).","0.0.0.9000",FALSE,,"Emmanuel Mhango","0000-0003-3197-6244","Emmanuel Mhango","CC BY 4.0",2025-06-27,"hygiene, sanitation, wash",,,,,"https://github.com/openwashdata/nchalohhwatersurvey","https://openwashdata.github.io/nchalohhwatersurvey/",1,"v1.0.0","master",2025-06-27,2025-11-04,"hygiene, sanitation, wash",TRUE,TRUE,,,,FALSE,FALSE,FALSE
"planetaryhdi","Planetary Pressures Adjusted Human Development Index Data","Provides data on Planetary Pressures Adjusted Human Development, adjusted by carbon emissions per capita (production related) and materials footprint per capita.","0.1.0",TRUE,,"Yash Dubey",,"Yash Dubey","CC BY 4.0",2024-12-10,"emissions-per-capita, hdi, planetary-pressures, sdgs",,,"10.5281/zenodo.14355748","0.1.0","https://github.com/openwashdata/planetaryhdi","https://openwashdata.github.io/planetaryhdi/",1,"0.0.2","main",2024-12-10,2024-12-10,"emissions-per-capita, hdi, planetary-pressures, sdgs",TRUE,TRUE,,,,TRUE,FALSE,FALSE
"ploswater","Data on Publications in PLOS Water Journal","Provides access to publishing trends from PLOS Water Journal.","0.0.0.9000",TRUE,,"Yash Dubey","0009-0001-2849-970X","Yash Dubey","CC BY 4.0",2025-01-08,,,,"10.5281/zenodo.14616993","0.0.0.9000","https://github.com/openwashdata/ploswater","https://openwashdata.github.io/ploswater/",1,"v1.0.2","main",2025-01-08,2025-01-08,,TRUE,TRUE,,,,TRUE,FALSE,FALSE
"portawaterperu","A Preliminary Review of Peruvian Potable Water System Data","Data to gain preliminary understanding of community potable water systems in Peru.","0.0.1",FALSE,,"Sebastian Camilo Loos","0000-0002-8830-1734","Lauren Judah; Sebastian Camilo Loos; Mian Zhong","CC BY 4.0",2024-07-24,,,,,"0.0.0.9000","https://github.com/openwashdata/portawaterperu","https://openwashdata.github.io/portawaterperu/",1,"v0.0.1","main",2024-06-18,2024-07-30,,TRUE,TRUE,,,,TRUE,FALSE,FALSE
"postfloodintervention","USAID Flood Response Post Intervention Survey Data","Post-intervention monitoring data for rural water points in the Mulanje district of Malawi, collected as part of the USAID Flood Response program during 2019-2020. The dataset includes comprehensive water point assessments covering physical condition, operational performance, hydraulic measurements, water quality parameters, and microbiological quality assessments.","0.1.0",TRUE,,"Emmanuel Mhango","0000-0003-3197-6244","Emmanuel Mhango","CC BY 4.0",,,,,"10.5281/zenodo.15837461","0.1.0","https://github.com/openwashdata/postfloodintervention","https://openwashdata.github.io/postfloodintervention/",1,"v0.1.1","master",2025-07-01,2025-07-08,,TRUE,TRUE,,,,FALSE,FALSE,FALSE
"rainwaterhsurvey","Rainwater Harvesting and Groundwater Recharge Household Survey (BASEflow, 2025)","This dataset contains household-level survey data collected in 2025 under the BASEflow monitoring and data systems using the mWater digital data collection platform. The survey was conducted across selected communities to assess household water access conditions, perceptions of groundwater systems, and adoption of rainwater harvesting (RWH) practices.","0.0.0.9000",FALSE,,"Emmanuel Mhango","0000-0003-3197-6244","Emmanuel Mhango","CC BY 4.0",2026-04-16,"baseflow, groundwater, opendatawash, rainwater-harvesting",,,,,"https://github.com/openwashdata/rainwaterhsurvey","https://openwashdata.github.io/rainwaterhsurvey/",1,"v1.0.0","main",2026-04-16,2026-04-16,"baseflow, groundwater, opendatawash, rainwater-harvesting",TRUE,TRUE,,,,FALSE,FALSE,FALSE
"rwpfunctionality","Water point functionality assessment in nine sub-Saharan Africa and South Asia countries","Water point monitoring data associated with the paper ""[Rural water point functionality estimates and associations: evidence from nine countries in sub-Saharan Africa and South Asia](https://agupubs.onlinelibrary.wiley.com/doi/10.1029/2023WR034679)"" (Murray, Anna L et al., 2024).","0.0.1",TRUE,,"Margaux Götschmann","0009-0002-2567-3343","Margaux Götschmann; Anna L. Murray; Gabriela Stone; Audrey R. Yang; Nicholas F. Lawrence; Hannah Matthews; Georgia L. Kayser","CC BY 4.0",2024-03-11,"management, open-data, r, wash, water, waterpoint",,,"10.5281/zenodo.10878635","0.0.1","https://github.com/openwashdata/rwpfunctionality","https://openwashdata.github.io/rwpfunctionality/",1,"v0.0.1","main",2024-03-11,2024-03-26,"management, open-data, r, wash, water, waterpoint",TRUE,TRUE,,,,TRUE,FALSE,FALSE
"saniabidjan","Data About Behavior and Practices of Managing Sanitation Facilties in Abidjan, Cote d’Ivoire","This data package contains household survey data collected from two low-income areas of Abidjan, Cote d'Ivoire. The survey was focusing on practices related to the management of sanitation facilities, specifically, latrines and tanks.","0.0.1",TRUE,,"Mian Zhong","0009-0009-4546-7214","Phaniwa Zié Zoumana Coulibaly; Kouassi Dongo; Mian Zhong","CC BY 4.0",2024-07-30,"abidjan, cote-d-ivoire, household-surveys, open-data, openwashdata, r, sanitation, wash, water-management",,,"10.5281/zenodo.13134220","0.0.1","https://github.com/openwashdata/saniabidjan","https://openwashdata.github.io/saniabidjan/",1,"v0.0.1","main",2024-07-03,2024-09-16,"abidjan, cote-d-ivoire, household-surveys, open-data, openwashdata, r, sanitation, wash, water-management",TRUE,TRUE,,,,TRUE,FALSE,FALSE
"solidwastekampala","Quantity and Composition of Domestic Solid Waste in Kampala City","Domestic solid waste generation and composition data for 103 households in Kampala City, Uganda, collected over a seven-day measurement campaign in three parishes representing different income levels (Bwaise I, low income; Bukoto I, middle income; Ggaba, high income). Includes ten measured waste-category masses, derived per-household metrics, and household socio-economic characteristics. The data accompany the manuscript ""Quantity and Composition of Domestic Solid Waste in Kampala City as Influenced by Socio-Economic Factors"" (Katukiza et al., Makerere University).","1.0.1",TRUE,,"Lars Schöbitz","0000-0003-2196-5015","Alex Y. Katukiza; Charles B. Niwagaba; Ivan Feni; Shaluwa Namagembe; Swaib Semiyaga; Abubakar Batte; Lars Schöbitz; Musa Manga","CC BY 4.0",2026-09-17,,,,"10.5281/zenodo.21519796","1.0.1","https://github.com/openwashdata/solidwastekampala","https://openwashdata.github.io/solidwastekampala/",1,"v1.0.1","main",2026-07-22,2026-09-17,,TRUE,TRUE,,,"1.0.0",TRUE,FALSE,FALSE
"thyolocbcc","WASH and Sanitation Survey in Community-Based Childcare Centres – Thyolo and Chikwawa, Malawi (2021)","This dataset provides detailed information on Water, Sanitation, and Hygiene (WASH) conditions and related management practices in Community-Based Childcare Centres (CBCCs) across Thyolo and Chikwawa Districts in Malawi, collected in 2021. Data were gathered by BASEflow using the mWater digital data collection platform..","0.0.0.9000",FALSE,,"Emmanuel Mhango","0000-0003-3197-6244","Emmanuel Mhango","CC BY 4.0",2025-11-06,"baseflow, cbcc, hygiene, openwashdata, sanitation, wash",,,,,"https://github.com/openwashdata/thyolocbcc","https://openwashdata.github.io/thyolocbcc/",1,"v1.0.0","master",2025-06-24,2025-11-06,"baseflow, cbcc, hygiene, openwashdata, sanitation, wash",TRUE,TRUE,,,,FALSE,FALSE,FALSE
"ugabore","Borehole repair data from central Uganda","Data set about borehole repair records from the borehole operation and maintenance company operating in central Uganda. Population data is picked as an interview from a representative of the Local Water User Committees (LWUCs). The data on the technical specifications about the borehole is picked from the borehole records file from the company.","0.0.1",TRUE,,"Margaux Götschmann","0009-0002-2567-3343","Margaux Götschmann; Joseph Lwere","CC BY 4.0",2024-05-21,"analysis, borehole, data, open-data, r, uganda, wash, water",,,"10.5281/zenodo.12188179","0.0.1","https://github.com/openwashdata/ugabore","https://openwashdata.github.io/ugabore/",1,"v.0.0.1","main",2024-04-30,2024-06-20,"analysis, borehole, data, open-data, r, uganda, wash, water",TRUE,TRUE,,,,TRUE,FALSE,FALSE
"undpcomposite","UNDP Composite Indicators Timeseries","Provides tidy data about all UNDP indicators in a composite timeseries.","0.1.0",TRUE,,"Yash Dubey","0009-0001-2849-970X","Yash Dubey","CC BY 4.0",2025-02-10,,,,"10.5281/zenodo.14845848","0.1.0","https://github.com/openwashdata/undpcomposite","https://openwashdata.github.io/undpcomposite/",1,"v1.0.0","main",2025-02-10,2025-02-11,,TRUE,TRUE,,,,TRUE,FALSE,FALSE
"unhcrwash","WASH Data From Refugee Camps and Settlements (UNHCR)","This is a dataset on WASH indicators in refugee camps and settlements. The data was collected from the UNHCR Information Management System (IRIS) and was available on the UNHCR WASH dashboard. This dataset includes data from 227 sites and 36 countries. The source dashboard has since been retired and the data now sits behind the login-gated iRHIS portal, so this dataset is a fixed historical snapshot (2013 to 2024) that can no longer be regenerated.","1.1.0",TRUE,,"Lars Schöbitz","0000-0003-2196-5015","Lars Schöbitz; Yash Dubey","CC BY 4.0",2026-06-22,,,,"10.5281/zenodo.14185117","1.1.0","https://github.com/openwashdata/unhcrwash","https://openwashdata.github.io/unhcrwash/",1,"v1.1.0","main",2024-11-13,2026-06-22,,TRUE,TRUE,,,,FALSE,FALSE,FALSE
"universityrankingafrica","University Ranking Africa","Data from institutional and national levels was combined into a dataset to provide a comprehensive characterization of the top ranked Universities of every African country. This was done to demonstrate the correlation of certain attributes with the academic ranking performance. The dataset also highlights the difficulties of accessing data from many African Universities online.","0.0.0.9000",FALSE,,"Sophia Skorik","0009-0001-4755-1649","Samuel Sigrist; Sophia Skorik","CC BY 4.0",2023-10-30,"africa, openwashdata, r, university-ranking",,,,"0.0.0.9000","https://github.com/openwashdata/universityrankingafrica","https://openwashdata.github.io/universityrankingafrica/",2,"v0.0.1","main",2023-12-04,2023-12-14,"africa, openwashdata, r, university-ranking",TRUE,TRUE,,,,TRUE,FALSE,FALSE
"waschoolpiracema","WASH in Schools in Piracema, Brazil","The main goal of this study was to describe the profile of schools from the basic education system in the municipality of Piracema (Minas Gerais, Brazil). Moreover, we also aimed to compare the characteristics of schools, with a special concern to WASH, pre- (2020), peri- (2021) and post-COVID-19 pandemic (2022) to evaluate to what extend schools in Piracema made progress in providing WASH since the beginning of the COVID-19 pandemic. This study is a sub-project of a PhD project and an initial study comparing the BNSC from 2020 and 2021 has already been conducted and published by the author of this project (for more details see references). Findings will be essential for the next phase of the research, which will be the collection of primary data in schools in the municipality of Piracema through qualitative methods (interviews, on-spot observations and art-based research).","0.0.1",TRUE,,"Alexis Tabin","0009-0004-4908-9250","Alexis Tabin; Kasandra Poague; Mian Zhong","CC BY 4.0",2024-07-09,"brazil, opendata, openwashdata, piracema, r, sanitation, wash",,,"10.5281/zenodo.12701107","0.0.1","https://github.com/openwashdata/waschoolpiracema","https://openwashdata.github.io/waschoolpiracema/",1,"v0.0.1","main",2024-06-18,2024-07-09,"brazil, opendata, openwashdata, piracema, r, sanitation, wash",TRUE,TRUE,,,,TRUE,FALSE,FALSE
"washdataportalsl","What the Package Does (One Line, Title Case)","What the package does (one paragraph).","0.0.0.9000",FALSE,,"First Last","YOUR-ORCID-ID","First Last","`use_mit_license()`, `use_gpl3_license()` or friends to pick a license",,,,,,,"https://github.com/openwashdata/washdataportalsl","https://openwashdata.github.io/washdataportalsl/",1,,"main",2025-03-10,2025-03-10,,TRUE,TRUE,,,,FALSE,FALSE,FALSE
"washinvestments","Multilateral development banks investment behaviour in water and sanitation","Dataset on multilateral development bank (MDB) investment in water supply and sanitation between 1960 and 2020 compiled by drawing on on 3,639 water and sanitation projects to assess territorial trends, technology choices, distribution of financial burdens, and reforms to institutional arrangements.","0.0.1",TRUE,,"Margaux Götschmann","0009-0002-2567-3343","Margaux Götschmann; Andri Heidler; Muhil Nesi; Josiane Nikiema; Christoph Lüthi","CC BY 4.0",2024-05-16,"africa, asia, investment, mdb, open-data, r, sanitation, wash, water",,,"10.5281/zenodo.11203434","0.0.1","https://github.com/openwashdata/washinvestments","https://openwashdata.github.io/washinvestments/",1,"v0.0.1","main",2024-03-11,2026-07-08,"africa, asia, investment, mdb, open-data, r, sanitation, wash, water",TRUE,TRUE,,,,TRUE,FALSE,FALSE
"washmalawi","WASH Household Level Survey Data 2018 - 2023","This package provides access to Water, Sanitation, and Hygiene (WASH) household-level survey data collected in Malawi between 2018 and 2023. The dataset includes comprehensive indicators for monitoring WASH-related Sustainable Development Goals at the household level.","1.0.1",TRUE,,"Emmanuel Mhango","0000-0003-3197-6244","Emmanuel Mhango; Donald Robertson; Chifundo Mandala; M Nzengo; Muthi Nhlema; M. Banda; Khumbo Zinyongo; Christian Nedi; Leman Ngwena; M Kazembe; Yankho Mthindi; E. Mofolo; Jeffrey Bauleni; Khallen Malliot; Thandi Mtemangombe; Tamandani Tembo; Samuel Mlenga; Dufter Joshua; Andrew Mthunzi; Martha Kafuwa; Takondwa Tembo; Peter Singogo; Goodwin Mkandawire; Monica Msiska; Lemekezani Chilora; Tendai Jambo; William Kanyinji; Chikondi Kanyinji; Madalitso Kamamkhudza; Sylvia Siliya; Edward K Gadi; Buli Echika; Sunganani Monjeza; Derick Macheke; Fatsani Chinawa; Jonathan Sunthika; Precious Phiri; Bright Mphero; Rodney Kananji","CC BY 4.0",2025-04-30,,,,"10.5281/zenodo.15799918","1.0.1","https://github.com/openwashdata/washmalawi","https://openwashdata.github.io/washmalawi/",1,"v1.0.1","main",2025-04-29,2025-07-03,,TRUE,TRUE,,,,TRUE,FALSE,FALSE
"washopenresearch","Dataset about open research data information in Water, Sanitation, and Hygiene","The goal of washopenresearch is to provide an overview of open research data related to Water Sanitation and Hygiene (WASH). The package provides access to six datasets: `washdev`, `ws`, `jwh`, `uncnewsletter`, `ploswater`, and `datapapers`. Each dataset collects information on scientific articles about (1) article metadata (e.g. title, first author, correspondence author), (2) supplementary material information, (3) data availability statement, and (4) semantic information (e.g. keywords).","0.4.0",TRUE,,"Mian Zhong","0009-0009-4546-7214","Mian Zhong; Ludwig Luz; Lars Schöbitz; Yash Dubey","CC BY 4.0",2026-08-20,"open-data, open-research-data, open-science, openwashdata, sanitation, wash",,,"10.5281/zenodo.11185699","0.4.0","https://github.com/openwashdata/washopenresearch","https://openwashdata.github.io/washopenresearch/",6,"v0.4.0","main",2023-12-21,2026-09-09,"open-data, open-research-data, open-science, openwashdata, sanitation, wash",TRUE,TRUE,,,,TRUE,FALSE,FALSE
"wasteburningblantyre","What the Package Does (One Line, Title Case)","What the package does (one paragraph).","0.0.0.9000",FALSE,,"Lars Schöbitz","0000-0003-2196-5015","Lars Schöbitz; Mabvuto Yesaya; Elizabeth Tilley; Saloni Vijay","CC BY 4.0",2023-09-13,,,,,"0.0.0.9000","https://github.com/openwashdata/wasteburningblantyre","https://openwashdata.github.io/wasteburningblantyre/",9,,"main",2023-09-13,2023-10-26,,TRUE,FALSE,,,,FALSE,FALSE,FALSE
"wastecollectionblantyre","What the Package Does (One Line, Title Case)","What the package does (one paragraph).","0.0.0.9000",FALSE,,"First Last","YOUR-ORCID-ID","First Last","`use_mit_license()`, `use_gpl3_license()` or friends to pick a license",,,,,,,"https://github.com/openwashdata/wastecollectionblantyre","https://openwashdata.github.io/wastecollectionblantyre/",2,,"main",2023-12-06,2023-12-06,,FALSE,FALSE,,,,FALSE,FALSE,FALSE
"wastedata","Waste Site Survey Data (2017 - 2018)","This dataset contains survey records on cemeteries, burial grounds, and waste disposal sites in Malawi. The information was gathered through field enumerators using the mWater platform as part of a mapping initiative. Each record captures details such as the location of the site, its operational status, management arrangements, and opening or closing history. The dataset also includes data on the type and state of waste present, evidence of pollution, the sources of waste, and the population served by municipal facilities. In addition, it documents the types of operations at municipal, commercial, industrial, and sludge waste sites, as well as practices related to drinking water and waste water treatment.","0.0.0.9000",FALSE,,"Emmanuel Mhango","0000-0003-3197-6244","Emmanuel Mhango","CC BY 4.0",2025-09-01,"waste-data, waste-management",,,,,"https://github.com/openwashdata/wastedata","https://openwashdata.github.io/wastedata/",1,"v1.0.0","master",2025-09-01,2025-10-28,"waste-data, waste-management",TRUE,TRUE,,,,FALSE,FALSE,FALSE
"wasteskipsblantyre","Locations of Public Waste Skips in Blantyre, Malawi","An R data package containing the locations of public waste skips in Blantyre, Malawi.","0.0.2",TRUE,,"Sebastian Camilo Loos","0000-0002-8830-1734","Mabvuto Yesaya; Limbani Msuku; Elizabeth Tilley; Sebastian Camilo Loos","CC BY 4.0",,"data-visualization, geolocation, malawi, open-data, open-datasets, r, solid-waste, waste-management",,,"10.5281/zenodo.6470427","0.0.2","https://github.com/openwashdata/wasteskipsblantyre","https://openwashdata.github.io/wasteskipsblantyre/",1,,"main",2023-07-05,2023-12-06,"data-visualization, geolocation, malawi, open-data, open-datasets, r, solid-waste, waste-management",TRUE,TRUE,,,,TRUE,FALSE,FALSE
"waterconsumersurvey","Household Water Point Satisfaction Survey Data from Malawi","Provides household-level survey data on water access, reliability, and user satisfaction from Zomba and Mangochi Districts in Malawi. Collected in September 2021 using GPS-enabled devices, the dataset includes 423 households with information on water sources, infrastructure conditions, seasonal availability, and demographic indicators relevant to water access and decision-making.","0.0.0.9000",FALSE,,"Emmanuel Mhango","0000-0003-3197-6244","Emmanuel Mhango","CC BY 4.0",2025-07-16,,,,,"0.0.0.9000","https://github.com/openwashdata/waterconsumersurvey","https://openwashdata.github.io/waterconsumersurvey/",1,"v1.0.0","master",2025-06-26,2025-11-04,,TRUE,TRUE,,,,FALSE,FALSE,FALSE
"watercostaccra","Household water costs and coping strategies data from metropolitan Accra","A household survey on water costs and coping strategies as well as a water point survey were conducted in two low-income communities in metropolitan Accra. These are Korle Gonno, a larger, well-planned coastal area with over 35 household water vendors, and Abuja, a small, densely packed, extralegal settlement with 15 water vendor and bathhouse businesses.","0.0.0.9000",TRUE,,"Margaux Götschmann","0009-0002-2567-3343","Elizabeth Vicario; Margaux Götschmann; Betty Avanu Davidson; Ebenezer F. Amankwaa; Mian Zhong","CC BY 4.0",2024-06-21,"accra, ghana, household-surveys, open-data, openwashdata, r, water-cost",,,"10.5281/zenodo.13981225","0.0.0.9000","https://github.com/openwashdata/watercostaccra","https://openwashdata.github.io/watercostaccra/",2,"v0.0.0.9000","main",2024-06-18,2024-10-23,"accra, ghana, household-surveys, open-data, openwashdata, r, water-cost",TRUE,TRUE,,,,TRUE,FALSE,FALSE
"waterpointstatus","Water Point Functionality and Service Delivery Monitoring Dataset - 2023","This dataset contains structured field survey responses collected from water point inspections and interviews with community members or water point committee representatives. Each record represents a single survey event linked to a specific water point, including GPS coordinates, enumerator metadata, timestamps, and detailed observations on infrastructure condition, functionality, water availability, maintenance practices, and governance arrangements.","1.0.0",FALSE,,"Emmanuel Mhango","0000-0003-3197-6244","Emmanuel Mhango","CC BY 4.0",2026-04-10,"baseflow, boreholes, groundwater, wash, waterpoints",,,,,"https://github.com/openwashdata/waterpointstatus","https://openwashdata.github.io/waterpointstatus/",1,"v1.0.0","main",2026-04-10,2026-04-10,"baseflow, boreholes, groundwater, wash, waterpoints",TRUE,TRUE,,,,FALSE,FALSE,FALSE
"waterpumpkwale","Weekly volume of water pumped for handpumps monitored with Smart Handpump technology, Kwale County, Kenya","A dataset contains a summary of the weekly volumetric output of pumps monitored using Smart Handpump sensors for 2014 and 2015 in Kwale County of Kenya.","0.0.1",TRUE,,"Mian Zhong","0009-0009-4546-7214","Patrick Thomson; Rob Hope; Tim Foster; Mian Zhong","CC BY 4.0",2023-10-02,"africa, kenya, kwale, open-data, open-datasets, r, underground-water, upgro, water-pump",,,"10.5281/zenodo.8399887","0.0.1","https://github.com/openwashdata/waterpumpkwale","https://openwashdata.github.io/waterpumpkwale/",3,"v0.0.1","main",2023-08-16,2024-05-02,"africa, kenya, kwale, open-data, open-datasets, r, underground-water, upgro, water-pump",TRUE,TRUE,,,,TRUE,FALSE,FALSE
"whatawaste","What the Package Does (One Line, Title Case)","What the package does (one paragraph).","0.0.0.9000",FALSE,,"First Last",,"First Last","CC BY 4.0",,,,,,,"https://github.com/openwashdata/whatawaste","https://openwashdata.github.io/whatawaste/",1,,"main",2025-03-10,2025-03-11,,TRUE,TRUE,,,,FALSE,FALSE,FALSE
"whdxdata","Water point exchange data","Data from the Water Point Data Exchange (WPDX) database.","0.0.0.9000",FALSE,,"Lars Schöbitz","0000-0003-2196-5015","Lars Schöbitz","CC BY 4.0",2024-04-16,,,,,"0.0.0.9000","https://github.com/openwashdata/whdxdata","https://openwashdata.github.io/whdxdata/",1,,"main",2024-04-16,2024-04-16,,TRUE,FALSE,,,,TRUE,FALSE,FALSE
"worldhdi","Human Development Index Worldwide 1990-2022 (2024)","This package provides details about Human Development Index across the world from 1990 to 2022. 193 countries are included in the dataset. It also includes data aggregated by regions.","0.1.0",TRUE,,"Yash Dubey",,"Yash Dubey","What license is it under?",,,,,"10.5281/zenodo.14006110","0.1.0","https://github.com/openwashdata/worldhdi","https://openwashdata.github.io/worldhdi/",1,"V1.0.1","main",2024-10-28,2025-01-22,,TRUE,TRUE,,,,FALSE,FALSE,FALSE
"wsabrazil","Wastewater management and household infrastructure in Brazil","This dataset about wastewater management and household infrastructure from various Brazilian regions provides insights into wastewater disposal habits, water sources, bathroom facilities, and sanitation infrastructure.","0.0.0.9000",FALSE,,"Margaux Götschmann","0009-0002-2567-3343","Margaux Götschmann; Lais Santos","CC BY 4.0",2024-03-28,"2010, brazil, infrastructure, open-data, r, sanitation, wash, wastewater, water",,,,"0.0.0.9000","https://github.com/openwashdata/wsabrazil","https://openwashdata.github.io/wsabrazil/",1,,"main",2024-03-26,2024-11-27,"2010, brazil, infrastructure, open-data, r, sanitation, wash, wastewater, water",TRUE,TRUE,,,,TRUE,FALSE,FALSE
